SampleID	MouseModel	MouseID	Cancer	SmokeExp	AntibioticExp	TumorImp	Treatment	TumorWeight_avg	TumorWeight_sd	Study	d__Bacteria.p__Actinobacteriota.c__Actinobacteria	d__Bacteria.p__Actinobacteriota.c__Coriobacteriia	d__Bacteria.p__Bacteroidota.c__Bacteroidia	d__Bacteria.p__Firmicutes.c__Bacilli	d__Bacteria.p__Firmicutes.c__Clostridia	d__Bacteria.p__Proteobacteria.c__Gammaproteobacteria	d__Bacteria.p__Verrucomicrobiota.c__Verrucomicrobiae	Other
CTRL1-S106	WT	CTRL1	Pancreatic	No	None	Post	Control	191.29	42.01	Neo-Pancreatic	0	455	5013	14791	2669	223	185	368
CTRL10-S112	WT	CTRL10	Pancreatic	No	None	Post	Control	191.29	42.01	Neo-Pancreatic	0	609	3043	13118	2216	50	208	264
CTRL2-S111	WT	CTRL2	Pancreatic	No	None	Post	Control	191.29	42.01	Neo-Pancreatic	0	435	4047	12388	2446	131	113	230
CTRL3-S116	WT	CTRL3	Pancreatic	No	None	Post	Control	191.29	42.01	Neo-Pancreatic	0	167	5768	15705	4112	76	78	667
CTRL4-S121	WT	CTRL4	Pancreatic	No	None	Post	Control	191.29	42.01	Neo-Pancreatic	0	200	5229	13206	4682	201	80	953
CTRL6-S131	WT	CTRL6	Pancreatic	No	None	Post	Control	191.29	42.01	Neo-Pancreatic	0	171	3516	13494	2992	28	90	733
CTRL7-S136	WT	CTRL7	Pancreatic	No	None	Post	Control	191.29	42.01	Neo-Pancreatic	0	321	5138	13664	3943	397	88	884
CTRL8-S141	WT	CTRL8	Pancreatic	No	None	Post	Control	191.29	42.01	Neo-Pancreatic	0	148	3878	11539	3427	101	122	286
CTRL9-S107	WT	CTRL9	Pancreatic	No	None	Post	Control	191.29	42.01	Neo-Pancreatic	0	110	2515	10081	1478	18	104	453
Neo1-S133	WT	Neo1	Pancreatic	No	Neomycin	Post	Neomycin only	NA	NA	Neo-Pancreatic	11	0	2613	8625	3	0	71	0
Neo2-S138	WT	Neo2	Pancreatic	No	Neomycin	Post	Neomycin only	NA	NA	Neo-Pancreatic	169	0	10290	15998	2326	68	1067	30
Neo3-S143	WT	Neo3	Pancreatic	No	Neomycin	Post	Neomycin only	NA	NA	Neo-Pancreatic	97	0	6567	10658	823	58	528	209
Neo4-S109	WT	Neo4	Pancreatic	No	Neomycin	Post	Neomycin only	NA	NA	Neo-Pancreatic	114	0	5350	13427	674	32	581	7
Neo5-S114	WT	Neo5	Pancreatic	No	Neomycin	Post	Neomycin only	NA	NA	Neo-Pancreatic	143	0	7825	15393	1064	33	510	19
Neo6-S119	WT	Neo6	Pancreatic	No	Neomycin	Post	Neomycin only	NA	NA	Neo-Pancreatic	136	0	8355	18088	1009	85	800	281
Neo7-S124	WT	Neo7	Pancreatic	No	Neomycin	Post	Neomycin only	NA	NA	Neo-Pancreatic	123	0	8511	16097	1230	0	382	13
Neo8-S129	WT	Neo8	Pancreatic	No	Neomycin	Post	Neomycin only	NA	NA	Neo-Pancreatic	268	0	7941	16972	1192	21	828	15
Neo9-S134	WT	Neo9	Pancreatic	No	Neomycin	Post	Neomycin only	NA	NA	Neo-Pancreatic	148	0	5353	15094	1541	35	748	335
SMK-Neo1-S139	WT	SMK_Neo1	Pancreatic	Yes	Neomycin	Post	Smoke+Neomycin	198.35	37.94	Neo-Pancreatic	0	0	12817	13930	1522	6	86	119
SMK-Neo3-S110	WT	SMK_Neo3	Pancreatic	Yes	Neomycin	Post	Smoke+Neomycin	198.35	37.94	Neo-Pancreatic	0	0	14661	1149	3873	12	302	371
SMK-Neo4-S115	WT	SMK_Neo4	Pancreatic	Yes	Neomycin	Post	Smoke+Neomycin	198.35	37.94	Neo-Pancreatic	0	0	12438	11865	1369	0	223	98
SMK-Neo5-S120	WT	SMK_Neo5	Pancreatic	Yes	Neomycin	Post	Smoke+Neomycin	198.35	37.94	Neo-Pancreatic	0	0	8567	6585	3262	10	196	169
SMK-Neo6-S125	WT	SMK_Neo6	Pancreatic	Yes	Neomycin	Post	Smoke+Neomycin	198.35	37.94	Neo-Pancreatic	0	0	15576	2785	7066	13	1373	646
SMK-Neo7-S130	WT	SMK_Neo7	Pancreatic	Yes	Neomycin	Post	Smoke+Neomycin	198.35	37.94	Neo-Pancreatic	0	0	8530	8152	394	8	668	78
SMK-Neo8-S135	WT	SMK_Neo8	Pancreatic	Yes	Neomycin	Post	Smoke+Neomycin	198.35	37.94	Neo-Pancreatic	0	0	17398	1630	3134	0	615	476
SMK1-S117	WT	SMK1	Pancreatic	Yes	None	Post	Smoke only	332.25	70.83	Neo-Pancreatic	0	86	4831	7585	3402	214	105	267
SMK10-S123	WT	SMK10	Pancreatic	Yes	None	Post	Smoke only	332.25	70.83	Neo-Pancreatic	0	110	7792	8559	5983	344	59	354
SMK11-S128	WT	SMK11	Pancreatic	Yes	None	Post	Smoke only	332.25	70.83	Neo-Pancreatic	0	303	6274	11054	4383	60	283	1188
SMK2-S122	WT	SMK2	Pancreatic	Yes	None	Post	Smoke only	332.25	70.83	Neo-Pancreatic	0	196	5435	6580	6076	108	119	370
SMK3-S127	WT	SMK3	Pancreatic	Yes	None	Post	Smoke only	332.25	70.83	Neo-Pancreatic	0	151	4387	10693	2352	49	87	650
SMK4-S132	WT	SMK4	Pancreatic	Yes	None	Post	Smoke only	332.25	70.83	Neo-Pancreatic	0	111	2976	6049	2237	0	0	477
SMK5-S137	WT	SMK5	Pancreatic	Yes	None	Post	Smoke only	332.25	70.83	Neo-Pancreatic	0	230	3634	8251	2454	16	109	1067
SMK7-S108	WT	SMK7	Pancreatic	Yes	None	Post	Smoke only	332.25	70.83	Neo-Pancreatic	0	235	4563	5626	3337	89	42	395
SMK8-S113	WT	SMK8	Pancreatic	Yes	None	Post	Smoke only	332.25	70.83	Neo-Pancreatic	0	238	6702	8444	5296	437	224	196
SMK9-S118	WT	SMK9	Pancreatic	Yes	None	Post	Smoke only	332.25	70.83	Neo-Pancreatic	0	109	5165	10767	3897	216	88	575
